{
    "materials":[{
        "DbgColor":15658734,
        "wireframe":false,
        "transparent":false,
        "depthWrite":true,
        "blending":"NormalBlending",
        "colorEmissive":[0,0,0],
        "shading":"phong",
        "depthTest":true,
        "visible":true,
        "colorDiffuse":[0.64,0.64,0.64],
        "opacity":1,
        "colorSpecular":[0.5,0.5,0.5],
        "DbgName":"Material.002",
        "DbgIndex":0,
        "specularCoef":50
    }],
    "uvs":[],
    "name":"Cube.001Geometry.1",
    "metadata":{
        "version":3,
        "type":"Geometry",
        "vertices":8,
        "generator":"io_three",
        "faces":6,
        "uvs":0,
        "materials":1,
        "normals":6
    },
    "vertices":[0.074465,0.201912,0.658015,0.074465,2.20191,0.658015,0.074465,0.201912,-1.34198,0.074465,2.20191,-1.34198,2.07447,0.201912,0.658015,2.07447,2.20191,0.658015,2.07447,0.201912,-1.34198,2.07447,2.20191,-1.34198],
    "normals":[-1,0,0,0,-1,0,1,0,0,0,1,-0,0,0,1,-0,0,-1],
    "faces":[35,2,0,1,3,0,0,0,0,0,35,3,7,6,2,0,1,1,1,1,35,7,5,4,6,0,2,2,2,2,35,0,4,5,1,0,3,3,3,3,35,0,2,6,4,0,4,4,4,4,35,5,7,3,1,0,5,5,5,5]
}